"Region","year","mean_rain"
"Awdal",1981,453.404907226562
"Awdal",1982,507.740112304688
"Awdal",1983,391.320648193359
"Awdal",1984,235.484222412109
"Awdal",1985,235.689422607422
"Awdal",1986,286.370269775391
"Awdal",1987,273.336334228516
"Awdal",1988,211.853515625
"Awdal",1989,339.827972412109
"Awdal",1990,241.532272338867
"Awdal",1991,219.007263183594
"Awdal",1992,267.499328613281
"Awdal",1993,228.782775878906
"Awdal",1994,327.455596923828
"Awdal",1995,230.583511352539
"Awdal",1996,208.316223144531
"Awdal",1997,455.793273925781
"Awdal",1998,282.373474121094
"Awdal",1999,258.052734375
"Awdal",2000,285.453247070312
"Awdal",2001,243.406585693359
"Awdal",2002,165.860717773438
"Awdal",2003,216.817596435547
"Awdal",2004,252.790954589844
"Awdal",2005,200.70002746582
"Awdal",2006,373.360778808594
"Awdal",2007,261.377105712891
"Awdal",2008,194.288284301758
"Awdal",2009,208.917846679688
"Awdal",2010,354.333099365234
"Awdal",2011,192.146606445312
"Awdal",2012,201.133666992188
"Awdal",2013,400.560821533203
"Awdal",2014,195.491073608398
"Awdal",2015,189.289642333984
"Awdal",2016,282.990692138672
"Awdal",2017,200.510589599609
"Awdal",2018,307.648956298828
"Awdal",2019,365.314208984375
"Awdal",2020,331.278381347656
"Awdal",2021,242.079406738281
"Awdal",2022,153.760452270508
"Awdal",2023,376.080535888672
"Awdal",2024,265.503723144531
"Bakool",1981,827.749877929688
"Bakool",1982,504.156402587891
"Bakool",1983,265.06298828125
"Bakool",1984,255.15803527832
"Bakool",1985,443.864440917969
"Bakool",1986,327.181640625
"Bakool",1987,483.553375244141
"Bakool",1988,423.187194824219
"Bakool",1989,576.183715820312
"Bakool",1990,447.690185546875
"Bakool",1991,417.692718505859
"Bakool",1992,225.342788696289
"Bakool",1993,228.8837890625
"Bakool",1994,513.773498535156
"Bakool",1995,349.566558837891
"Bakool",1996,212.642044067383
"Bakool",1997,1048.26940917969
"Bakool",1998,334.386505126953
"Bakool",1999,302.864868164062
"Bakool",2000,438.550354003906
"Bakool",2001,248.682266235352
"Bakool",2002,469.352996826172
"Bakool",2003,348.855804443359
"Bakool",2004,416.704833984375
"Bakool",2005,260.720916748047
"Bakool",2006,542.577087402344
"Bakool",2007,366.937347412109
"Bakool",2008,351.205322265625
"Bakool",2009,380.617065429688
"Bakool",2010,334.874114990234
"Bakool",2011,370.843292236328
"Bakool",2012,451.086975097656
"Bakool",2013,516.591918945312
"Bakool",2014,301.354431152344
"Bakool",2015,709.77294921875
"Bakool",2016,261.841033935547
"Bakool",2017,291.526489257812
"Bakool",2018,567.021789550781
"Bakool",2019,610.564636230469
"Bakool",2020,489.671081542969
"Bakool",2021,252.677032470703
"Bakool",2022,270.007171630859
"Bakool",2023,926.006713867188
"Bakool",2024,361.666473388672
"Banaadir",1981,574.632141113281
"Banaadir",1982,641.390686035156
"Banaadir",1983,344.835357666016
"Banaadir",1984,423.247497558594
"Banaadir",1985,564.241943359375
"Banaadir",1986,410.459899902344
"Banaadir",1987,641.043273925781
"Banaadir",1988,534.999267578125
"Banaadir",1989,560.241149902344
"Banaadir",1990,412.361389160156
"Banaadir",1991,385.912811279297
"Banaadir",1992,558.334899902344
"Banaadir",1993,414.642303466797
"Banaadir",1994,493.107940673828
"Banaadir",1995,351.944549560547
"Banaadir",1996,279.270050048828
"Banaadir",1997,1417.88159179688
"Banaadir",1998,530.25146484375
"Banaadir",1999,370.679901123047
"Banaadir",2000,355.146881103516
"Banaadir",2001,439.89990234375
"Banaadir",2002,494.519989013672
"Banaadir",2003,477.21240234375
"Banaadir",2004,387.130065917969
"Banaadir",2005,349.589569091797
"Banaadir",2006,520.47705078125
"Banaadir",2007,460.347503662109
"Banaadir",2008,644.564514160156
"Banaadir",2009,580.411254882812
"Banaadir",2010,482.499053955078
"Banaadir",2011,425.253936767578
"Banaadir",2012,504.023468017578
"Banaadir",2013,481.153533935547
"Banaadir",2014,275.723815917969
"Banaadir",2015,478.513031005859
"Banaadir",2016,403.560028076172
"Banaadir",2017,359.462493896484
"Banaadir",2018,356.552825927734
"Banaadir",2019,320.767608642578
"Banaadir",2020,473.556121826172
"Banaadir",2021,405.495697021484
"Banaadir",2022,288.291381835938
"Banaadir",2023,536.644714355469
"Banaadir",2024,330.381683349609
"Bari",1981,127.104118347168
"Bari",1982,216.58918762207
"Bari",1983,106.386474609375
"Bari",1984,112.761650085449
"Bari",1985,51.6698875427246
"Bari",1986,114.724128723145
"Bari",1987,98.5133590698242
"Bari",1988,140.262252807617
"Bari",1989,82.802848815918
"Bari",1990,90.6699981689453
"Bari",1991,61.046501159668
"Bari",1992,81.3852310180664
"Bari",1993,153.215774536133
"Bari",1994,184.853332519531
"Bari",1995,80.2437515258789
"Bari",1996,98.2903060913086
"Bari",1997,232.652618408203
"Bari",1998,54.8421783447266
"Bari",1999,84.5852279663086
"Bari",2000,77.6232299804688
"Bari",2001,56.9075355529785
"Bari",2002,82.9285049438477
"Bari",2003,51.7500076293945
"Bari",2004,176.461044311523
"Bari",2005,97.4008102416992
"Bari",2006,159.426010131836
"Bari",2007,137.896926879883
"Bari",2008,149.437316894531
"Bari",2009,89.9166488647461
"Bari",2010,151.406982421875
"Bari",2011,133.017715454102
"Bari",2012,201.196380615234
"Bari",2013,242.945007324219
"Bari",2014,111.728363037109
"Bari",2015,122.632614135742
"Bari",2016,87.1038131713867
"Bari",2017,103.524078369141
"Bari",2018,126.730827331543
"Bari",2019,259.115173339844
"Bari",2020,196.389602661133
"Bari",2021,117.088661193848
"Bari",2022,58.7663459777832
"Bari",2023,220.119445800781
"Bari",2024,115.946022033691
"Bay",1981,938.802856445312
"Bay",1982,702.150817871094
"Bay",1983,352.671051025391
"Bay",1984,505.485321044922
"Bay",1985,560.140930175781
"Bay",1986,403.521759033203
"Bay",1987,584.066711425781
"Bay",1988,598.14453125
"Bay",1989,670.310791015625
"Bay",1990,627.145935058594
"Bay",1991,582.154724121094
"Bay",1992,488.193267822266
"Bay",1993,409.662445068359
"Bay",1994,795.962585449219
"Bay",1995,445.034912109375
"Bay",1996,310.024627685547
"Bay",1997,1415.69152832031
"Bay",1998,469.728973388672
"Bay",1999,403.702117919922
"Bay",2000,569.028198242188
"Bay",2001,371.406005859375
"Bay",2002,701.99853515625
"Bay",2003,564.397583007812
"Bay",2004,597.751647949219
"Bay",2005,373.589172363281
"Bay",2006,869.426574707031
"Bay",2007,532.802612304688
"Bay",2008,532.227355957031
"Bay",2009,579.613952636719
"Bay",2010,450.697509765625
"Bay",2011,464.404815673828
"Bay",2012,665.031982421875
"Bay",2013,618.204223632812
"Bay",2014,466.883819580078
"Bay",2015,727.84619140625
"Bay",2016,356.991271972656
"Bay",2017,500.478668212891
"Bay",2018,725.560363769531
"Bay",2019,788.409301757812
"Bay",2020,575.322204589844
"Bay",2021,394.990295410156
"Bay",2022,435.804626464844
"Bay",2023,1014.25469970703
"Bay",2024,455.939208984375
"Galguduud",1981,322.913940429688
"Galguduud",1982,454.752624511719
"Galguduud",1983,222.841827392578
"Galguduud",1984,153.096954345703
"Galguduud",1985,251.489303588867
"Galguduud",1986,246.785751342773
"Galguduud",1987,614.749084472656
"Galguduud",1988,308.896148681641
"Galguduud",1989,382.472076416016
"Galguduud",1990,306.195678710938
"Galguduud",1991,318.314422607422
"Galguduud",1992,177.52555847168
"Galguduud",1993,216.899154663086
"Galguduud",1994,385.681427001953
"Galguduud",1995,274.929260253906
"Galguduud",1996,212.636688232422
"Galguduud",1997,720.184997558594
"Galguduud",1998,215.801651000977
"Galguduud",1999,225.186233520508
"Galguduud",2000,251.0556640625
"Galguduud",2001,234.588775634766
"Galguduud",2002,302.595489501953
"Galguduud",2003,232.430053710938
"Galguduud",2004,293.605346679688
"Galguduud",2005,317.433227539062
"Galguduud",2006,337.377105712891
"Galguduud",2007,207.477279663086
"Galguduud",2008,181.352951049805
"Galguduud",2009,254.766738891602
"Galguduud",2010,219.916519165039
"Galguduud",2011,304.597045898438
"Galguduud",2012,435.358215332031
"Galguduud",2013,376.702484130859
"Galguduud",2014,199.355545043945
"Galguduud",2015,455.873168945312
"Galguduud",2016,164.43147277832
"Galguduud",2017,263.048645019531
"Galguduud",2018,341.686828613281
"Galguduud",2019,398.584869384766
"Galguduud",2020,335.700256347656
"Galguduud",2021,174.681121826172
"Galguduud",2022,183.372253417969
"Galguduud",2023,413.563934326172
"Galguduud",2024,311.53759765625
"Gedo",1981,696.837341308594
"Gedo",1982,562.293884277344
"Gedo",1983,223.350082397461
"Gedo",1984,272.596343994141
"Gedo",1985,371.690612792969
"Gedo",1986,297.563720703125
"Gedo",1987,318.682983398438
"Gedo",1988,372.857238769531
"Gedo",1989,556.328735351562
"Gedo",1990,532.7451171875
"Gedo",1991,395.940765380859
"Gedo",1992,339.597473144531
"Gedo",1993,390.379150390625
"Gedo",1994,471.74951171875
"Gedo",1995,382.402038574219
"Gedo",1996,243.66535949707
"Gedo",1997,1287.228515625
"Gedo",1998,347.310272216797
"Gedo",1999,339.288024902344
"Gedo",2000,312.515045166016
"Gedo",2001,214.311676025391
"Gedo",2002,528.840148925781
"Gedo",2003,460.304229736328
"Gedo",2004,393.561889648438
"Gedo",2005,203.942504882812
"Gedo",2006,769.284057617188
"Gedo",2007,402.617218017578
"Gedo",2008,338.620056152344
"Gedo",2009,321.470275878906
"Gedo",2010,368.084106445312
"Gedo",2011,469.961059570312
"Gedo",2012,371.560699462891
"Gedo",2013,457.756652832031
"Gedo",2014,368.137756347656
"Gedo",2015,518.694519042969
"Gedo",2016,313.076690673828
"Gedo",2017,459.004211425781
"Gedo",2018,612.882751464844
"Gedo",2019,692.008117675781
"Gedo",2020,406.757354736328
"Gedo",2021,350.397552490234
"Gedo",2022,277.766387939453
"Gedo",2023,1012.52490234375
"Gedo",2024,391.360076904297
"Hiiraan",1981,441.862426757812
"Hiiraan",1982,467.661499023438
"Hiiraan",1983,304.969085693359
"Hiiraan",1984,182.354568481445
"Hiiraan",1985,329.517578125
"Hiiraan",1986,286.13330078125
"Hiiraan",1987,610.554260253906
"Hiiraan",1988,285.17626953125
"Hiiraan",1989,435.606201171875
"Hiiraan",1990,314.275421142578
"Hiiraan",1991,355.903259277344
"Hiiraan",1992,189.418762207031
"Hiiraan",1993,211.251754760742
"Hiiraan",1994,424.244659423828
"Hiiraan",1995,274.812805175781
"Hiiraan",1996,206.68000793457
"Hiiraan",1997,865.617126464844
"Hiiraan",1998,302.912658691406
"Hiiraan",1999,237.726364135742
"Hiiraan",2000,389.995025634766
"Hiiraan",2001,243.405746459961
"Hiiraan",2002,352.894958496094
"Hiiraan",2003,302.390930175781
"Hiiraan",2004,332.628723144531
"Hiiraan",2005,300.626068115234
"Hiiraan",2006,440.120697021484
"Hiiraan",2007,290.703857421875
"Hiiraan",2008,260.993560791016
"Hiiraan",2009,363.457153320312
"Hiiraan",2010,227.00178527832
"Hiiraan",2011,371.755920410156
"Hiiraan",2012,420.101257324219
"Hiiraan",2013,477.948455810547
"Hiiraan",2014,249.498794555664
"Hiiraan",2015,633.880920410156
"Hiiraan",2016,151.308547973633
"Hiiraan",2017,271.72900390625
"Hiiraan",2018,399.212127685547
"Hiiraan",2019,496.745361328125
"Hiiraan",2020,381.025970458984
"Hiiraan",2021,190.505889892578
"Hiiraan",2022,207.835037231445
"Hiiraan",2023,549.884826660156
"Hiiraan",2024,325.849273681641
"Jubbada Dhexe",1981,805.962097167969
"Jubbada Dhexe",1982,759.965454101562
"Jubbada Dhexe",1983,489.487457275391
"Jubbada Dhexe",1984,503.277252197266
"Jubbada Dhexe",1985,543.474853515625
"Jubbada Dhexe",1986,465.06005859375
"Jubbada Dhexe",1987,475.382476806641
"Jubbada Dhexe",1988,602.52783203125
"Jubbada Dhexe",1989,678.923278808594
"Jubbada Dhexe",1990,684.077880859375
"Jubbada Dhexe",1991,522.629760742188
"Jubbada Dhexe",1992,576.704467773438
"Jubbada Dhexe",1993,433.042022705078
"Jubbada Dhexe",1994,795.352844238281
"Jubbada Dhexe",1995,492.161376953125
"Jubbada Dhexe",1996,347.262329101562
"Jubbada Dhexe",1997,1534.0703125
"Jubbada Dhexe",1998,548.413330078125
"Jubbada Dhexe",1999,459.032806396484
"Jubbada Dhexe",2000,439.563079833984
"Jubbada Dhexe",2001,405.756042480469
"Jubbada Dhexe",2002,636.907348632812
"Jubbada Dhexe",2003,631.527038574219
"Jubbada Dhexe",2004,552.385437011719
"Jubbada Dhexe",2005,393.975067138672
"Jubbada Dhexe",2006,881.351501464844
"Jubbada Dhexe",2007,521.927917480469
"Jubbada Dhexe",2008,499.413513183594
"Jubbada Dhexe",2009,480.269378662109
"Jubbada Dhexe",2010,499.495880126953
"Jubbada Dhexe",2011,622.8291015625
"Jubbada Dhexe",2012,566.915954589844
"Jubbada Dhexe",2013,584.736267089844
"Jubbada Dhexe",2014,445.483154296875
"Jubbada Dhexe",2015,576.444213867188
"Jubbada Dhexe",2016,386.801910400391
"Jubbada Dhexe",2017,591.052978515625
"Jubbada Dhexe",2018,796.383911132812
"Jubbada Dhexe",2019,810.079467773438
"Jubbada Dhexe",2020,539.488464355469
"Jubbada Dhexe",2021,384.555603027344
"Jubbada Dhexe",2022,437.446014404297
"Jubbada Dhexe",2023,855.329895019531
"Jubbada Dhexe",2024,502.438415527344
"Jubbada Hoose",1981,745.460083007812
"Jubbada Hoose",1982,723.250305175781
"Jubbada Hoose",1983,564.181945800781
"Jubbada Hoose",1984,576.168151855469
"Jubbada Hoose",1985,530.679504394531
"Jubbada Hoose",1986,617.201599121094
"Jubbada Hoose",1987,426.864562988281
"Jubbada Hoose",1988,606.039672851562
"Jubbada Hoose",1989,615.677917480469
"Jubbada Hoose",1990,690.524780273438
"Jubbada Hoose",1991,594.885986328125
"Jubbada Hoose",1992,595.0078125
"Jubbada Hoose",1993,406.64697265625
"Jubbada Hoose",1994,750.17578125
"Jubbada Hoose",1995,570.720336914062
"Jubbada Hoose",1996,415.992279052734
"Jubbada Hoose",1997,1410.50207519531
"Jubbada Hoose",1998,639.849426269531
"Jubbada Hoose",1999,516.218994140625
"Jubbada Hoose",2000,389.443054199219
"Jubbada Hoose",2001,456.132415771484
"Jubbada Hoose",2002,654.536560058594
"Jubbada Hoose",2003,656.620544433594
"Jubbada Hoose",2004,516.60498046875
"Jubbada Hoose",2005,513.630065917969
"Jubbada Hoose",2006,842.873352050781
"Jubbada Hoose",2007,603.706970214844
"Jubbada Hoose",2008,531.976196289062
"Jubbada Hoose",2009,500.135223388672
"Jubbada Hoose",2010,569.883850097656
"Jubbada Hoose",2011,675.798522949219
"Jubbada Hoose",2012,478.840942382812
"Jubbada Hoose",2013,650.201965332031
"Jubbada Hoose",2014,481.372009277344
"Jubbada Hoose",2015,601.37744140625
"Jubbada Hoose",2016,349.998931884766
"Jubbada Hoose",2017,498.378814697266
"Jubbada Hoose",2018,714.302368164062
"Jubbada Hoose",2019,774.123229980469
"Jubbada Hoose",2020,579.754089355469
"Jubbada Hoose",2021,411.684417724609
"Jubbada Hoose",2022,351.850524902344
"Jubbada Hoose",2023,726.336975097656
"Jubbada Hoose",2024,521.026794433594
"Mudug",1981,250.930206298828
"Mudug",1982,465.500823974609
"Mudug",1983,146.508926391602
"Mudug",1984,155.023025512695
"Mudug",1985,147.59977722168
"Mudug",1986,211.779235839844
"Mudug",1987,375.409484863281
"Mudug",1988,270.739776611328
"Mudug",1989,284.487670898438
"Mudug",1990,245.754089355469
"Mudug",1991,286.503814697266
"Mudug",1992,121.408134460449
"Mudug",1993,178.801071166992
"Mudug",1994,332.410583496094
"Mudug",1995,265.526672363281
"Mudug",1996,211.129180908203
"Mudug",1997,518.7392578125
"Mudug",1998,155.483383178711
"Mudug",1999,156.183319091797
"Mudug",2000,186.372421264648
"Mudug",2001,181.151153564453
"Mudug",2002,238.829605102539
"Mudug",2003,173.044235229492
"Mudug",2004,252.633987426758
"Mudug",2005,237.136077880859
"Mudug",2006,270.544494628906
"Mudug",2007,133.711944580078
"Mudug",2008,121.18815612793
"Mudug",2009,179.899765014648
"Mudug",2010,226.972366333008
"Mudug",2011,252.289703369141
"Mudug",2012,374.367523193359
"Mudug",2013,293.207641601562
"Mudug",2014,178.777755737305
"Mudug",2015,262.940338134766
"Mudug",2016,157.62092590332
"Mudug",2017,149.257919311523
"Mudug",2018,237.448715209961
"Mudug",2019,337.397094726562
"Mudug",2020,273.467041015625
"Mudug",2021,157.028289794922
"Mudug",2022,159.656936645508
"Mudug",2023,402.85595703125
"Mudug",2024,180.706634521484
"Nugaal",1981,204.268707275391
"Nugaal",1982,350.488006591797
"Nugaal",1983,168.928298950195
"Nugaal",1984,136.391082763672
"Nugaal",1985,83.3459091186523
"Nugaal",1986,201.830688476562
"Nugaal",1987,294.735931396484
"Nugaal",1988,199.467437744141
"Nugaal",1989,204.243606567383
"Nugaal",1990,175.797348022461
"Nugaal",1991,216.607421875
"Nugaal",1992,126.858093261719
"Nugaal",1993,195.039077758789
"Nugaal",1994,303.524993896484
"Nugaal",1995,179.385467529297
"Nugaal",1996,154.484909057617
"Nugaal",1997,322.911071777344
"Nugaal",1998,124.008232116699
"Nugaal",1999,110.818397521973
"Nugaal",2000,196.452560424805
"Nugaal",2001,134.96891784668
"Nugaal",2002,132.252746582031
"Nugaal",2003,149.346542358398
"Nugaal",2004,209.578689575195
"Nugaal",2005,179.45295715332
"Nugaal",2006,203.103378295898
"Nugaal",2007,160.7578125
"Nugaal",2008,142.031890869141
"Nugaal",2009,158.316818237305
"Nugaal",2010,217.279586791992
"Nugaal",2011,281.345947265625
"Nugaal",2012,297.917205810547
"Nugaal",2013,307.674560546875
"Nugaal",2014,183.812728881836
"Nugaal",2015,215.79899597168
"Nugaal",2016,105.204116821289
"Nugaal",2017,142.936401367188
"Nugaal",2018,154.739151000977
"Nugaal",2019,326.949127197266
"Nugaal",2020,210.821899414062
"Nugaal",2021,119.610954284668
"Nugaal",2022,152.529052734375
"Nugaal",2023,373.616485595703
"Nugaal",2024,221.707717895508
"Sanaag",1981,265.313507080078
"Sanaag",1982,224.487777709961
"Sanaag",1983,182.043167114258
"Sanaag",1984,192.977493286133
"Sanaag",1985,214.503433227539
"Sanaag",1986,202.338623046875
"Sanaag",1987,207.4345703125
"Sanaag",1988,230.176879882812
"Sanaag",1989,157.043502807617
"Sanaag",1990,113.24210357666
"Sanaag",1991,162.751235961914
"Sanaag",1992,178.088516235352
"Sanaag",1993,214.140487670898
"Sanaag",1994,221.276519775391
"Sanaag",1995,128.208511352539
"Sanaag",1996,191.518203735352
"Sanaag",1997,370.150360107422
"Sanaag",1998,96.6632080078125
"Sanaag",1999,116.694915771484
"Sanaag",2000,152.1259765625
"Sanaag",2001,108.410774230957
"Sanaag",2002,134.599197387695
"Sanaag",2003,144.559326171875
"Sanaag",2004,142.593368530273
"Sanaag",2005,220.910278320312
"Sanaag",2006,180.304794311523
"Sanaag",2007,242.910980224609
"Sanaag",2008,230.24462890625
"Sanaag",2009,141.84700012207
"Sanaag",2010,228.321350097656
"Sanaag",2011,194.980575561523
"Sanaag",2012,244.078918457031
"Sanaag",2013,265.794647216797
"Sanaag",2014,220.488082885742
"Sanaag",2015,173.001434326172
"Sanaag",2016,111.776473999023
"Sanaag",2017,181.517303466797
"Sanaag",2018,200.523544311523
"Sanaag",2019,345.185668945312
"Sanaag",2020,310.477935791016
"Sanaag",2021,247.180084228516
"Sanaag",2022,109.801651000977
"Sanaag",2023,332.633850097656
"Sanaag",2024,208.770065307617
"Shabeellaha Dhexe",1981,553.055358886719
"Shabeellaha Dhexe",1982,776.213134765625
"Shabeellaha Dhexe",1983,404.922698974609
"Shabeellaha Dhexe",1984,313.515991210938
"Shabeellaha Dhexe",1985,517.517395019531
"Shabeellaha Dhexe",1986,360.4111328125
"Shabeellaha Dhexe",1987,671.356079101562
"Shabeellaha Dhexe",1988,426.507354736328
"Shabeellaha Dhexe",1989,531.9814453125
"Shabeellaha Dhexe",1990,488.530395507812
"Shabeellaha Dhexe",1991,499.486358642578
"Shabeellaha Dhexe",1992,401.258148193359
"Shabeellaha Dhexe",1993,382.626647949219
"Shabeellaha Dhexe",1994,575.596496582031
"Shabeellaha Dhexe",1995,353.406951904297
"Shabeellaha Dhexe",1996,250.666458129883
"Shabeellaha Dhexe",1997,1244.515625
"Shabeellaha Dhexe",1998,415.102294921875
"Shabeellaha Dhexe",1999,327.253570556641
"Shabeellaha Dhexe",2000,367.34912109375
"Shabeellaha Dhexe",2001,370.802581787109
"Shabeellaha Dhexe",2002,454.766387939453
"Shabeellaha Dhexe",2003,401.923797607422
"Shabeellaha Dhexe",2004,452.294128417969
"Shabeellaha Dhexe",2005,318.089569091797
"Shabeellaha Dhexe",2006,559.732727050781
"Shabeellaha Dhexe",2007,380.528381347656
"Shabeellaha Dhexe",2008,391.806732177734
"Shabeellaha Dhexe",2009,543.2392578125
"Shabeellaha Dhexe",2010,354.350128173828
"Shabeellaha Dhexe",2011,461.291900634766
"Shabeellaha Dhexe",2012,584.9111328125
"Shabeellaha Dhexe",2013,536.107666015625
"Shabeellaha Dhexe",2014,329.262634277344
"Shabeellaha Dhexe",2015,517.178100585938
"Shabeellaha Dhexe",2016,251.587051391602
"Shabeellaha Dhexe",2017,375.611785888672
"Shabeellaha Dhexe",2018,428.900573730469
"Shabeellaha Dhexe",2019,527.107055664062
"Shabeellaha Dhexe",2020,450.185333251953
"Shabeellaha Dhexe",2021,356.819732666016
"Shabeellaha Dhexe",2022,248.713241577148
"Shabeellaha Dhexe",2023,580.644958496094
"Shabeellaha Dhexe",2024,360.05517578125
"Shabeellaha Hoose",1981,806.631591796875
"Shabeellaha Hoose",1982,807.387634277344
"Shabeellaha Hoose",1983,458.949798583984
"Shabeellaha Hoose",1984,465.103698730469
"Shabeellaha Hoose",1985,594.481872558594
"Shabeellaha Hoose",1986,446.15087890625
"Shabeellaha Hoose",1987,653.97021484375
"Shabeellaha Hoose",1988,672.873596191406
"Shabeellaha Hoose",1989,648.015563964844
"Shabeellaha Hoose",1990,545.212097167969
"Shabeellaha Hoose",1991,539.5419921875
"Shabeellaha Hoose",1992,583.666137695312
"Shabeellaha Hoose",1993,444.981811523438
"Shabeellaha Hoose",1994,769.875366210938
"Shabeellaha Hoose",1995,435.030426025391
"Shabeellaha Hoose",1996,313.460388183594
"Shabeellaha Hoose",1997,1468.13220214844
"Shabeellaha Hoose",1998,561.034851074219
"Shabeellaha Hoose",1999,408.299652099609
"Shabeellaha Hoose",2000,440.311401367188
"Shabeellaha Hoose",2001,434.896942138672
"Shabeellaha Hoose",2002,565.957153320312
"Shabeellaha Hoose",2003,558.666076660156
"Shabeellaha Hoose",2004,499.201507568359
"Shabeellaha Hoose",2005,400.928833007812
"Shabeellaha Hoose",2006,654.349548339844
"Shabeellaha Hoose",2007,530.299377441406
"Shabeellaha Hoose",2008,627.713317871094
"Shabeellaha Hoose",2009,588.977844238281
"Shabeellaha Hoose",2010,476.741668701172
"Shabeellaha Hoose",2011,491.981323242188
"Shabeellaha Hoose",2012,651.993041992188
"Shabeellaha Hoose",2013,610.501831054688
"Shabeellaha Hoose",2014,396.919036865234
"Shabeellaha Hoose",2015,528.590148925781
"Shabeellaha Hoose",2016,360.788940429688
"Shabeellaha Hoose",2017,429.209045410156
"Shabeellaha Hoose",2018,604.62451171875
"Shabeellaha Hoose",2019,605.94677734375
"Shabeellaha Hoose",2020,513.157653808594
"Shabeellaha Hoose",2021,387.982696533203
"Shabeellaha Hoose",2022,367.807067871094
"Shabeellaha Hoose",2023,718.536865234375
"Shabeellaha Hoose",2024,427.997253417969
"Sool",1981,235.669296264648
"Sool",1982,214.511505126953
"Sool",1983,143.418670654297
"Sool",1984,153.366195678711
"Sool",1985,106.636291503906
"Sool",1986,172.920028686523
"Sool",1987,265.164672851562
"Sool",1988,233.908538818359
"Sool",1989,162.72184753418
"Sool",1990,163.712127685547
"Sool",1991,142.151901245117
"Sool",1992,156.426239013672
"Sool",1993,223.560852050781
"Sool",1994,206.319488525391
"Sool",1995,162.939422607422
"Sool",1996,123.187690734863
"Sool",1997,421.656066894531
"Sool",1998,111.254486083984
"Sool",1999,94.5870208740234
"Sool",2000,163.530471801758
"Sool",2001,134.026168823242
"Sool",2002,103.719573974609
"Sool",2003,119.681945800781
"Sool",2004,177.482986450195
"Sool",2005,201.462326049805
"Sool",2006,218.190139770508
"Sool",2007,206.790435791016
"Sool",2008,171.048538208008
"Sool",2009,178.661437988281
"Sool",2010,191.972381591797
"Sool",2011,185.042419433594
"Sool",2012,206.981033325195
"Sool",2013,291.158660888672
"Sool",2014,209.901062011719
"Sool",2015,237.507797241211
"Sool",2016,109.35279083252
"Sool",2017,182.405426025391
"Sool",2018,187.054397583008
"Sool",2019,338.686157226562
"Sool",2020,232.302978515625
"Sool",2021,150.8154296875
"Sool",2022,136.076644897461
"Sool",2023,343.856323242188
"Sool",2024,194.549133300781
"Togdheer",1981,338.405242919922
"Togdheer",1982,303.842803955078
"Togdheer",1983,222.125198364258
"Togdheer",1984,168.39338684082
"Togdheer",1985,181.250152587891
"Togdheer",1986,216.911361694336
"Togdheer",1987,372.230194091797
"Togdheer",1988,271.049926757812
"Togdheer",1989,271.145416259766
"Togdheer",1990,282.356384277344
"Togdheer",1991,248.607650756836
"Togdheer",1992,212.329299926758
"Togdheer",1993,264.403045654297
"Togdheer",1994,294.041168212891
"Togdheer",1995,233.303634643555
"Togdheer",1996,224.879409790039
"Togdheer",1997,552.199157714844
"Togdheer",1998,173.971588134766
"Togdheer",1999,150.757141113281
"Togdheer",2000,248.173141479492
"Togdheer",2001,177.36767578125
"Togdheer",2002,178.269134521484
"Togdheer",2003,191.513809204102
"Togdheer",2004,213.310485839844
"Togdheer",2005,235.018981933594
"Togdheer",2006,354.310455322266
"Togdheer",2007,317.972229003906
"Togdheer",2008,193.287933349609
"Togdheer",2009,183.436737060547
"Togdheer",2010,238.061538696289
"Togdheer",2011,229.320571899414
"Togdheer",2012,319.292236328125
"Togdheer",2013,487.614288330078
"Togdheer",2014,291.424407958984
"Togdheer",2015,302.339538574219
"Togdheer",2016,174.691925048828
"Togdheer",2017,238.675033569336
"Togdheer",2018,287.252136230469
"Togdheer",2019,440.087738037109
"Togdheer",2020,357.816436767578
"Togdheer",2021,270.017944335938
"Togdheer",2022,209.81965637207
"Togdheer",2023,480.597198486328
"Togdheer",2024,279.781860351562
"Woqooyi Galbeed",1981,390.689819335938
"Woqooyi Galbeed",1982,408.89013671875
"Woqooyi Galbeed",1983,409.988830566406
"Woqooyi Galbeed",1984,257.664428710938
"Woqooyi Galbeed",1985,289.582000732422
"Woqooyi Galbeed",1986,270.748504638672
"Woqooyi Galbeed",1987,304.509246826172
"Woqooyi Galbeed",1988,263.833770751953
"Woqooyi Galbeed",1989,324.81689453125
"Woqooyi Galbeed",1990,224.038330078125
"Woqooyi Galbeed",1991,282.951934814453
"Woqooyi Galbeed",1992,270.928070068359
"Woqooyi Galbeed",1993,253.124771118164
"Woqooyi Galbeed",1994,322.971038818359
"Woqooyi Galbeed",1995,249.255599975586
"Woqooyi Galbeed",1996,304.671081542969
"Woqooyi Galbeed",1997,498.103454589844
"Woqooyi Galbeed",1998,183.561630249023
"Woqooyi Galbeed",1999,234.816635131836
"Woqooyi Galbeed",2000,264.580627441406
"Woqooyi Galbeed",2001,229.987014770508
"Woqooyi Galbeed",2002,177.01643371582
"Woqooyi Galbeed",2003,266.874389648438
"Woqooyi Galbeed",2004,236.175491333008
"Woqooyi Galbeed",2005,254.53076171875
"Woqooyi Galbeed",2006,338.33154296875
"Woqooyi Galbeed",2007,356.958648681641
"Woqooyi Galbeed",2008,216.632965087891
"Woqooyi Galbeed",2009,199.512817382812
"Woqooyi Galbeed",2010,342.25048828125
"Woqooyi Galbeed",2011,255.990417480469
"Woqooyi Galbeed",2012,321.849151611328
"Woqooyi Galbeed",2013,414.665374755859
"Woqooyi Galbeed",2014,265.226287841797
"Woqooyi Galbeed",2015,204.024475097656
"Woqooyi Galbeed",2016,228.799377441406
"Woqooyi Galbeed",2017,198.312454223633
"Woqooyi Galbeed",2018,313.751068115234
"Woqooyi Galbeed",2019,400.503601074219
"Woqooyi Galbeed",2020,374.553466796875
"Woqooyi Galbeed",2021,320.205993652344
"Woqooyi Galbeed",2022,158.157470703125
"Woqooyi Galbeed",2023,471.389373779297
"Woqooyi Galbeed",2024,381.055877685547
